{
   "Biodegradable": {
      "time": 1641570214.396173,
      "offsets": [
         31,
         40
      ],
      "droptime": 1641570601.0
   },
   "Wily": {
      "time": 1641579572.201078,
      "offsets": [
         33.3,
         37.3
      ],
      "droptime": 1641579959.0
   },
   "Visibility": {
      "time": 1641587777.8744664,
      "offsets": [
         33,
         36.96
      ],
      "droptime": 1641588166.0
   },
   "oul": {
      "time": 1641588419.1993856,
      "offsets": [
         30,
         38
      ],
      "droptime": 1641588807.0
   },
   "nzc": {
      "time": 1641589663.6614282,
      "offsets": [
         31,
         38
      ],
      "droptime": 1641590052.0
   },
   "cdk": {
      "time": 1641663701.2004092,
      "offsets": [
         36,
         38
      ],
      "droptime": 1641664090.0
   },
   "Particular": {
      "time": 1641741269.117156,
      "offsets": [
         36,
         37.45
      ],
      "droptime": 1641741806
   },
   "Polygraph": {
      "time": 1641764812.4934967,
      "offsets": [
         36,
         38.68
      ],
      "droptime": 1641765351.0
   },
   "bxq": {
      "time": 1641767393.1894007,
      "offsets": [
         36,
         37.6
      ],
      "droptime": 1641767933.0
   },
   "ays": {
      "time": 1641767465.2232385,
      "offsets": [
         36,
         38.02
      ],
      "droptime": 1641768002.0
   },
   "Natures": {
      "time": 1641849926.2107959,
      "offsets": [
         34,
         39
      ],
      "droptime": 1641850463.0
   },
   "ljc": {
      "time": 1641863559.0178993,
      "offsets": [
         35,
         38
      ],
      "droptime": 1641864096.0
   },
   "vgw": {
      "time": 1641928211.7920806,
      "offsets": [
         36,
         37.8
      ],
      "droptime": 1641928808.0
   },
   "uky": {
      "time": 1641933567.2419398,
      "offsets": [
         35.95,
         37.4
      ],
      "droptime": 1641934164.0
   },
   "Admission": {
      "time": 1641949569.2319765,
      "offsets": [
         35.95,
         37.4
      ],
      "droptime": 1641950166.0
   },
   "cxh": {
      "time": 1641963858.8411524,
      "offsets": [
         36,
         37.5
      ],
      "droptime": 1641964455.0
   },
   "CottonCandy": {
      "time": 1642028021.9593425,
      "offsets": [
         36,
         37.9
      ],
      "droptime": 1642028620.0
   },
   "Mesmerizing": {
      "time": 1642036172.6099327,
      "offsets": [
         36,
         37.9
      ],
      "droptime": 1642036770.0
   },
   "whp": {
      "time": 1642042888.1195908,
      "offsets": [
         36,
         37.8
      ],
      "droptime": 1642043485.0
   },
   "Haul": {
      "time": 1642082330.7825074,
      "offsets": [
         33,
         37.5
      ],
      "droptime": 1642082930.0
   },
   "hww": {
      "time": 1642082650.3447797,
      "offsets": [
         35,
         37.3
      ],
      "droptime": 1642083249.0
   },
   "Stacy": {
      "time": 1642100707.4522066,
      "offsets": [
         20,
         37
      ],
      "droptime": 1642101305.0
   },
   "lon": {
      "time": 1642102418.5161483,
      "offsets": [
         33,
         37.6
      ],
      "droptime": 1642103017.0
   },
   "Snowblower": {
      "time": 1642111214.7140956,
      "offsets": [
         35,
         38.2
      ],
      "droptime": 1642111813.0
   },
   "pbe": {
      "time": 1642141150.9193342,
      "offsets": [
         33,
         37.5
      ],
      "droptime": 1642141747.0
   },
   "xqv": {
      "time": 1642217657.5474832,
      "offsets": [
         30,
         38
      ],
      "droptime": 1642218255.0
   },
   "Test": {
      "time": 1642222297.348784,
      "offsets": [
         30,
         36
      ],
      "droptime": 1642222862
   },
   "hhq": {
      "time": 1642248808.295711,
      "offsets": [
         34,
         37
      ],
      "droptime": 1642249405.0
   },
   "40r": {
      "time": 1642405123.4102113,
      "offsets": [
         34,
         39
      ],
      "droptime": 1642405722.0
   },
   "Kickflip": {
      "time": 1642470731.3881562,
      "offsets": [
         34.4,
         36.9
      ],
      "droptime": 1642471328.0
   },
   "lyz": {
      "time": 1642512875.7639842,
      "offsets": [
         33.7,
         36.85
      ],
      "droptime": 1642513474.0
   },
   "Nemesis": {
      "time": 1642611203.9997578,
      "offsets": [
         33,
         37
      ],
      "droptime": 1642611800.0
   },
   "Frazzle": {
      "time": 1642650815.8642838,
      "offsets": [
         34,
         37.34
      ],
      "droptime": 1642651414.0
   }
}